urlid,label
5865,0.901149642625
782,0.242783285916
6962,0.263307453269
7640,0.145207834895
3589,0.371117521573
6719,0.30759404284
3905,0.434735816413
9841,0.945599615298
7447,0.20662676792
4776,0.275018692269
2879,0.875582094421
2620,0.752543234656
10479,0.203053304792
1105,0.298280251732
1849,0.299776198858
8286,0.652314341449
8344,0.841443298742
10486,0.926841310761
8661,0.970539155745
7188,0.23431883361
1433,0.884360396801
677,0.892334818103
469,0.876358268174
6988,0.157456978336
8024,0.100382974441
6896,0.327469874468
9154,0.310447665087
342,0.884963396525
50,0.219058291768
983,0.12735468803
6933,0.205472618999
8271,0.138378420219
5602,0.264603138495
4505,0.208184002279
4966,0.905152168905
2390,0.289927664948
6736,0.528512513858
4660,0.923713262122
7560,0.904359948754
3840,0.550168735055
5823,0.880538584676
5789,0.948422297703
1595,0.20894720941
6770,0.801401360366
3522,0.936690481712
5584,0.899175376547
8323,0.8448418227
3862,0.6377930248
373,0.368230943412
7345,0.304425410688
7708,0.89364230807
1398,0.912649910033
4298,0.271175903323
7467,0.170351406109
1878,0.812345311832
1832,0.226864268171
625,0.119605979667
7438,0.152131472075
9961,0.940301104708
7117,0.187056730154
8190,0.224152032907
1713,0.616193280666
949,0.220065995412
9246,0.145969557955
2326,0.192497525904
8942,0.191916158528
4458,0.503729948633
4659,0.409992046708
9522,0.237289599477
2497,0.753036616113
9836,0.311875974164
3808,0.923255693996
5575,0.859716899974
5714,0.292594255672
2490,0.812370740912
6812,0.321311445722
4335,0.0768904088424
10014,0.806308751263
5889,0.832229686011
482,0.807791740039
8082,0.157724180813
5856,0.924192792777
8866,0.458801878263
2624,0.887893179619
1371,0.837212394812
4436,0.145159478101
2972,0.90096278224
3638,0.917741255924
6249,0.563871724698
7602,0.182778369896
9624,0.961572040103
7567,0.294835745993
6578,0.28550356396
7590,0.781153055897
8590,0.777919979981
10520,0.825867320511
1906,0.360101000648
1373,0.269386888077
1601,0.931170299045
4754,0.217764354646
8208,0.204035244927
1658,0.951245437817
1352,0.929917460729
8143,0.8987986794
7760,0.762426529318
7836,0.836277564592
9769,0.227561768185
503,0.810474778745
4909,0.160684623078
7162,0.169552853109
10035,0.557450390549
1992,0.622137847726
6133,0.24455603126
8519,0.23848592192
1879,0.857301860196
7107,0.420996612125
1225,0.663228596671
2451,0.744289294251
8252,0.161392788589
9214,0.476366636363
4850,0.905496556716
5891,0.169467606591
5274,0.337493280779
8623,0.0800104588547
562,0.842093170584
860,0.24447358198
4199,0.90521202236
7616,0.273834762663
10544,0.365003390339
1567,0.907675943045
6552,0.304106755331
954,0.175193234309
111,0.345512460681
7036,0.863745679791
1995,0.910427347984
7095,0.397978209002
10180,0.52835825824
6872,0.909714285862
4805,0.938830003018
355,0.784151222455
8097,0.841940752617
9271,0.833733782505
431,0.329175195646
1646,0.873163578759
143,0.827246451902
3436,0.215084524335
150,0.550287211469
9745,0.242732218811
715,0.306845447325
578,0.266210080878
8684,0.869885289059
1186,0.70780322836
9115,0.482037008533
9239,0.150728752235
5461,0.869647554618
5424,0.627917652192
1349,0.841056996162
609,0.820838939438
7569,0.401904015943
1622,0.578206290784
6541,0.0671319706777
9873,0.864161868798
305,0.222994490072
6041,0.343424034588
5360,0.449944009164
8445,0.920400099528
7260,0.360429806222
4526,0.921701945768
138,0.487624872187
168,0.20721273953
7888,0.686760510269
4639,0.840452432288
867,0.185770153591
9673,0.796082769218
710,0.328088239729
4749,0.151273519822
4716,0.117207504362
410,0.911784808034
2155,0.962334750556
3289,0.351294248066
7774,0.312389176521
1200,0.325046767774
9057,0.312619687139
2261,0.164423553433
9612,0.289557033392
4987,0.563695185208
3605,0.948354848075
5068,0.934922376154
4474,0.838573189904
5831,0.760387452052
4729,0.315833823054
10060,0.468702154552
6895,0.229609474758
3791,0.933166745926
7910,0.172742111106
4209,0.151175539954
4984,0.936053599175
1773,0.300581272286
2101,0.253249829247
7251,0.162145995484
2887,0.482453802159
875,0.451066699477
8185,0.272121013144
9688,0.897025815538
5342,0.1650528564
6802,0.542489895279
3077,0.434658473639
712,0.173618418975
3026,0.355829501015
2640,0.247495053556
4872,0.453438738894
3334,0.895946354827
2431,0.390410345616
9218,0.256199930227
7417,0.784258868036
3563,0.946872820957
1006,0.235872073355
8940,0.293711959002
7703,0.144311289418
2686,0.225000501369
8159,0.939213049785
37,0.31297028155
65,0.187420606574
1910,0.419107515151
2202,0.948952245989
9717,0.883223420058
2388,0.788641720255
2365,0.308696892661
5072,0.495387556028
4614,0.187159245086
6955,0.373852034697
4094,0.22946932261
3319,0.932117308389
1456,0.962182812133
5381,0.78057871203
4479,0.669575629802
4766,0.266286078249
6076,0.896610173273
8064,0.377898485012
3416,0.941427176011
4892,0.225011790427
9942,0.892512139879
9215,0.37260554128
4506,0.785910421512
9275,0.340496406652
1306,0.938771504232
6828,0.910519220462
8368,0.621162208691
7205,0.131522782685
360,0.944756816364
3386,0.142529201738
3835,0.602685295845
1305,0.210040523612
7963,0.157149896317
2073,0.485827553904
4230,0.502315222608
9012,0.10358751992
2723,0.958519303653
6788,0.835972914195
7945,0.174571026082
4868,0.95314960055
6597,0.438725019811
7323,0.159964659806
6229,0.253919466265
3427,0.440947721249
7727,0.174186737728
4707,0.949909983421
2547,0.835805007236
4523,0.948997901615
9648,0.393280141701
1084,0.224796445234
3327,0.957824181237
5591,0.134836392656
186,0.123683303917
2938,0.243739963781
9912,0.879930273826
6047,0.208727855906
2417,0.805905182735
10533,0.188434507713
1137,0.389913906608
1533,0.915056547615
9233,0.381267585623
43,0.141196754118
8986,0.197731113046
6000,0.948501353319
480,0.291516167259
2457,0.421132706723
5362,0.137738116146
7722,0.267425964495
7940,0.868477135031
6104,0.944928562847
8853,0.0936321191949
5813,0.671262309835
4769,0.287977391103
2544,0.84693329387
6379,0.215003765859
5262,0.12133985263
9885,0.228215168459
10081,0.212224082616
1315,0.249398054739
3388,0.158377360396
3473,0.911357450545
2117,0.204342523223
9411,0.260066969383
9379,0.926055860002
4236,0.18073496284
2049,0.154149952477
4786,0.274777406971
1604,0.243072244334
7659,0.186249229837
8152,0.218428649753
5417,0.269791108489
160,0.277611796126
6826,0.870612168947
1815,0.481196961076
3647,0.845281582411
5605,0.219791663918
3526,0.935937866558
3854,0.923801041359
1053,0.171161999474
2411,0.234166301974
6015,0.301738848285
2089,0.869571975351
7745,0.921895543567
6816,0.666454501393
3934,0.422430400955
6547,0.22844571101
3758,0.931226462778
7158,0.567542948547
1584,0.151474266044
2982,0.784858818511
7679,0.920396058064
5286,0.912472202312
3776,0.871904975925
1235,0.527732659548
6294,0.711270059748
1012,0.690543783172
10318,0.148658366835
7134,0.303285325009
5180,0.75372464144
2108,0.297188226384
3639,0.427439446565
6729,0.225089542538
2472,0.283653339121
10235,0.513276338928
190,0.844350378789
4713,0.712893607762
6827,0.219826416138
6108,0.833043796422
1114,0.942542885473
4848,0.230084371282
606,0.245429842994
1573,0.700226569501
8546,0.316831698464
5193,0.215338351097
2936,0.207211705262
5104,0.616131422382
6712,0.452319526174
3055,0.237958034562
74,0.812597076389
7726,0.710484867571
9183,0.342278406577
162,0.167640684622
7288,0.342421168983
8657,0.813592840424
1295,0.216672762078
8207,0.615410855036
4433,0.822264714582
590,0.942710821766
10549,0.194630166944
7749,0.509677055564
405,0.948769853012
10267,0.871015672045
7133,0.209822338822
7584,0.589578763044
6616,0.847530518399
1719,0.377705536649
9761,0.799701812247
5859,0.264789353562
5662,0.154183111652
1736,0.281013182916
9333,0.487609006842
1102,0.20313003464
2790,0.602676486252
6598,0.845950356285
7995,0.862777283141
4452,0.863626535326
159,0.371874915033
511,0.753264277356
7006,0.87016853812
1123,0.804369545262
6073,0.377386153765
7094,0.148489249665
10008,0.314969769092
7573,0.260410673608
679,0.287905333004
6809,0.274790403429
1108,0.18092468872
380,0.151693760411
204,0.146745932662
7075,0.215518695841
2550,0.487045970204
9785,0.338895534867
5036,0.826802940805
3129,0.306855234946
6495,0.855147418584
880,0.177894708216
2360,0.25688719897
7839,0.166225698476
350,0.374943026938
9151,0.928955135671
6650,0.418738314393
7208,0.655432893825
5840,0.228346263657
5997,0.184319542879
2103,0.875110761668
713,0.566010777085
7771,0.309663678428
10255,0.186802706292
3944,0.980233774484
4250,0.243047653312
2833,0.232174450322
3052,0.170449465911
7855,0.967363442155
4152,0.300178207609
4445,0.921200171434
10036,0.857202767088
9727,0.356184878748
2234,0.143210718431
9632,0.892437726708
626,0.387656306306
1644,0.190467923763
4859,0.910104167563
3987,0.20786196376
5884,0.958506165811
4112,0.853227649758
10392,0.0945736851734
2962,0.302458708212
21,0.305421381778
8524,0.910313715977
2543,0.314984288023
663,0.212610522684
2748,0.652601256316
3451,0.200539566267
964,0.85431577628
10560,0.759483100062
2428,0.261331990502
4520,0.261294216879
7660,0.953839603916
6583,0.89094745253
10390,0.248040202815
688,0.0911097002723
7957,0.931623725704
3356,0.811257160204
1766,0.229182928618
9128,0.400259167742
2340,0.26917012884
9421,0.230572613121
7712,0.487412599936
8200,0.116621450173
8762,0.171822054315
6446,0.466643878395
5194,0.133628994585
960,0.327855608388
779,0.97502720277
3584,0.390850609203
3011,0.213239055672
2769,0.27978199789
1392,0.182872278191
7254,0.885100181898
9084,0.424228089962
9622,0.216247314095
3665,0.14238265207
1609,0.431474364365
6130,0.323992557139
10155,0.134967077223
7826,0.903466041357
8300,0.298515019892
5038,0.565638681969
7582,0.900890802212
9561,0.221353665102
7430,0.920022463226
5045,0.90756251396
10421,0.203076193783
5675,0.272104057259
4687,0.345096309269
4944,0.935104561587
5105,0.892767801184
148,0.149313170711
6371,0.21169127603
8108,0.236145211012
4354,0.28982005121
6077,0.835321788195
4292,0.337729804987
10068,0.410003431035
5821,0.278367593829
1042,0.864930148007
7715,0.169521815047
9703,0.153838340535
2761,0.218840015489
7002,0.232683512505
7313,0.628115134578
9050,0.282624670723
5518,0.222985345815
10556,0.896162325651
1078,0.103514634103
9699,0.707024981831
10445,0.870858380283
8748,0.814482547385
2960,0.363725093995
4317,0.216512878189
939,0.132021783047
8423,0.135437853752
5196,0.182338314442
8151,0.250016670999
7199,0.889341101823
1574,0.253536635523
8566,0.281569308781
7389,0.248918862899
1177,0.445453570641
10282,0.483842328428
10098,0.86632422088
4512,0.251932634474
4055,0.949867729546
8431,0.850262296085
4532,0.278108424413
10450,0.35500347704
5754,0.87561074478
1882,0.865809278509
1563,0.944620467681
4871,0.966359751138
8440,0.284254660758
3253,0.570795058497
8270,0.358936299423
4610,0.148136234544
9619,0.198656661442
8786,0.119304199677
2889,0.86571858037
9781,0.320058343944
5061,0.278468087758
7059,0.919002977142
2064,0.945882233118
1587,0.53573537949
1934,0.916572518985
5516,0.186781570425
9853,0.322039706288
7867,0.270850657808
1556,0.490238337404
5495,0.263539055746
4274,0.171003232847
8177,0.352092485302
9491,0.912829025272
9813,0.247999039742
2205,0.188625140233
2710,0.369847309129
2992,0.292695588211
7998,0.296688924663
6428,0.493642961794
6638,0.237571817416
3035,0.789912983262
1578,0.319713154416
1324,0.56880460206
2316,0.91577335928
9326,0.24023698297
7359,0.884990061742
7741,0.62610547201
5143,0.216428127241
8196,0.599646884678
630,0.176024123751
8481,0.913204516911
8497,0.180351620802
5409,0.880616505777
5749,0.204988547635
8219,0.82444524714
9571,0.688968501224
4886,0.822477990391
5367,0.342590551796
1185,0.314931858624
8291,0.198490839729
1590,0.291166824849
7698,0.221759936932
51,0.516963807243
8784,0.191567039807
3928,0.184053191719
5987,0.144697781303
7008,0.93986289624
7482,0.76071780851
9374,0.160556811585
1296,0.901161548529
10289,0.878019644041
2986,0.243394508795
4651,0.209351358483
8594,0.66493423623
7469,0.847603774641
2871,0.164046159193
1903,0.924027005325
8571,0.92695493976
4832,0.862166181727
1242,0.765533276521
7115,0.262579609397
3599,0.35987746042
2065,0.41480903403
4529,0.259807749626
763,0.67960506779
6698,0.955042228092
2002,0.957256623675
2020,0.811446085905
5229,0.312776596704
8243,0.263128137137
6936,0.893926335064
9360,0.90799950829
4360,0.306211691606
7951,0.464952768316
6701,0.673713502665
7574,0.936726130285
2426,0.223077571764
1681,0.920368520635
7135,0.316868791539
3688,0.190033962958
3872,0.345136282922
558,0.145601836552
2228,0.54196851823
8170,0.241767840502
7171,0.272172597626
7756,0.211351714133
3609,0.218945748632
3985,0.305510477057
1139,0.163595523725
3453,0.559241281415
7583,0.292275301169
9788,0.929944257592
10175,0.470001654792
6059,0.222492134498
104,0.260913796133
10168,0.271654995414
8902,0.91501013085
5343,0.941838311775
4239,0.223378432143
6767,0.434138677113
6269,0.242036475201
6682,0.230306656191
9558,0.307845298425
2416,0.291110607594
6592,0.272000004651
6196,0.252301627092
2751,0.937140834749
3412,0.929109197307
8302,0.942716696373
1120,0.616841646658
8005,0.16023309099
6637,0.313508400812
6440,0.247142273214
6679,0.916892062546
8039,0.873339745568
5357,0.919335051138
8844,0.873769340566
2964,0.186006539095
6040,0.22741754032
7259,0.614124345939
8974,0.500002909578
7439,0.138042283551
1045,0.139606339829
7706,0.25156937941
9724,0.210737238395
3698,0.252210125014
7339,0.907094350379
1749,0.233934089007
7257,0.216124681886
2963,0.940019739646
7775,0.32846319954
10501,0.147636685327
4258,0.957086392693
7908,0.936288570385
722,0.503262097764
6519,0.494569176419
6916,0.430073402205
4456,0.92587526802
2731,0.333732356212
917,0.85337620244
4107,0.37208063048
7894,0.528819944332
2540,0.123356710159
8455,0.89620906594
10406,0.95137561558
8909,0.190779191283
5489,0.298370564111
306,0.901660053295
3894,0.253150264353
2735,0.184725302432
4939,0.4825708969
1551,0.5591795229
777,0.609331704292
2160,0.926800940493
8599,0.875366006195
2727,0.24418248977
6362,0.313667708572
1417,0.89335350491
10343,0.123009807355
4866,0.926458582725
2682,0.333248952516
9856,0.107946809488
4498,0.306147616653
7450,0.225785816498
6899,0.264555967664
5649,0.913849113613
6086,0.295807207822
1618,0.208346712002
9926,0.136788126381
2847,0.204169009151
8099,0.903993335742
5724,0.449269554502
3358,0.112931980774
8136,0.206917829424
955,0.470292776514
8819,0.192990394634
5832,0.733173613569
10413,0.95544050599
6548,0.157164534062
8407,0.560508642973
10090,0.212162144728
8564,0.229638812426
808,0.885887974257
5303,0.220283834937
8913,0.913894542934
9425,0.877700908391
9543,0.927624132695
1219,0.705099533084
9575,0.968094167844
4019,0.548638512876
6223,0.943571993654
9588,0.215670063536
4739,0.288729633984
10492,0.833557976374
2017,0.360512682336
5524,0.939461557252
7449,0.89841926944
5734,0.186633071114
5456,0.273085973227
797,0.616430947583
5525,0.279375863443
8265,0.317869711004
1981,0.933892004732
8977,0.913304407533
6241,0.922145710598
6021,0.624994670176
7720,0.122449266141
8632,0.245932934923
6705,0.273831795476
2476,0.918916281028
3510,0.2456670111
8887,0.532503662599
10115,0.363048640216
9061,0.170823793502
5570,0.242835899709
2763,0.627055576245
1437,0.804813253752
3448,0.175218699381
3529,0.137854601844
3156,0.126432201548
4604,0.946981500018
6776,0.637668170328
10227,0.391253164032
1545,0.50212124916
10487,0.205998210148
993,0.308841504046
1161,0.956941245163
7975,0.945905783694
1591,0.184776399891
7804,0.910982301759
5048,0.189495099268
10454,0.924292394863
3567,0.236751364154
5886,0.578606143847
9937,0.343823395485
3931,0.81446151471
9706,0.938127714732
10193,0.799459311106
5569,0.9294160546
9747,0.206173794708
2217,0.912224992093
5936,0.237850605872
3885,0.784448324709
1086,0.170073167526
1799,0.520743871215
9763,0.624944617943
3299,0.235349900019
8268,0.944908737353
473,0.1168309894
337,0.870129691459
9381,0.713303297972
6426,0.365569705941
1210,0.368929772247
4986,0.94492641143
8285,0.341749730802
2024,0.492699751169
245,0.960515982884
4807,0.340493438173
2208,0.535020172616
9835,0.1457486618
8963,0.793255562718
9946,0.309115185958
5230,0.197231097548
2788,0.259678706207
674,0.639170077838
1629,0.912654366426
2300,0.359027355732
169,0.252918648126
3575,0.884468567889
6910,0.309536763661
1479,0.224066492759
10498,0.87534239596
8062,0.722043674848
9672,0.170273893561
9467,0.411772593659
6763,0.57689398723
8508,0.16838728304
1034,0.444918330502
3756,0.195699816318
9263,0.220237178374
8141,0.328527038615
532,0.751932372877
7022,0.226709950888
4024,0.209800224078
3298,0.234449786971
5641,0.213038667719
10455,0.309520060851
5206,0.946320341898
7005,0.143423187914
8971,0.270259143654
8358,0.751758600287
257,0.174121916464
78,0.832735677646
6333,0.513411454687
7969,0.161908164885
2505,0.398089410692
2004,0.827471225036
3748,0.577267670665
5668,0.625731730005
365,0.177936111306
9651,0.31731284014
2324,0.104441460978
3902,0.243566902301
9294,0.219125572137
5377,0.356176976578
2817,0.907548667791
7670,0.0698117303421
4755,0.939438311892
255,0.918839337016
2714,0.863079661855
2922,0.306173758165
5517,0.69036113856
5157,0.698592035068
64,0.120347817576
5300,0.243821370047
451,0.242916299445
3941,0.800659699634
326,0.327350252978
3757,0.227060865415
8798,0.591722544514
2315,0.950061044499
6755,0.96098187487
2916,0.584799811813
7406,0.44179515141
3703,0.898181155349
5403,0.384599522321
622,0.180791416718
9,0.437051097774
5848,0.484423041347
8670,0.233444832363
1156,0.10909853505
10179,0.200083638298
2028,0.942094411302
3924,0.832399186774
620,0.110565617255
1963,0.673944430068
4537,0.263566008521
8970,0.313752822954
3024,0.958230360735
6140,0.919475777335
1866,0.208524735084
4442,0.944852006717
2312,0.301036134602
6749,0.481473983588
459,0.880357417647
1516,0.653063051038
8817,0.18096805353
4912,0.14787605381
2076,0.191214396542
10023,0.932204125877
7684,0.233737664404
3531,0.156008582426
6209,0.657881666611
10508,0.975307227626
8678,0.682620343481
3541,0.384201767241
1208,0.728601893068
4090,0.928471752515
1097,0.282645646153
5099,0.8102753511
2816,0.402507905274
4291,0.307637605985
1409,0.608672441555
6401,0.162071226086
4617,0.714701073647
6111,0.157356665277
6172,0.824730318962
10357,0.227042994611
8465,0.923300478894
3867,0.240101414977
9495,0.964642342495
4348,0.820440054536
7879,0.541797194791
9273,0.656273197993
3252,0.237254757472
9167,0.476111695091
2573,0.218827700896
7395,0.831130180922
9046,0.292286076614
1526,0.303366042788
9339,0.215749791765
10301,0.923745225267
7588,0.709495608232
1104,0.0998334930523
1310,0.247604656473
6631,0.146458063386
10475,0.208104134835
9090,0.282396131908
1528,0.275002318376
1657,0.853160877911
1175,0.2680795976
1895,0.2155582477
3864,0.280374107056
4700,0.269770782409
3572,0.388552147131
10507,0.219999572561
269,0.417592464899
5744,0.613408097897
1687,0.19986997734
3020,0.390956374758
4974,0.894308659778
5119,0.791581490784
1916,0.935285482439
6687,0.966702964979
2197,0.621456564684
8641,0.14418726982
10073,0.891419704736
1967,0.176203005953
4999,0.347424546095
9816,0.173185824093
734,0.937321068939
9665,0.705210705855
5092,0.905377209756
2591,0.923299411278
9877,0.910080763273
4601,0.973963922419
7734,0.201624960216
7185,0.902683111465
6405,0.564923153204
7003,0.271943799293
928,0.255301727163
6490,0.308086376916
1586,0.195405706421
10139,0.84518709848
1192,0.432903818572
10526,0.143708851568
5544,0.915426491911
8779,0.239199966655
4497,0.55169805103
3059,0.961629179547
2181,0.21584627909
2303,0.258563845802
1190,0.676106586308
1468,0.10760503712
8771,0.233838435771
8997,0.823561184192
6365,0.711016650009
10355,0.295861783469
3478,0.335038673855
3764,0.134637397308
3542,0.227876672822
4941,0.192133170853
1840,0.696638690803
463,0.188535631626
7407,0.314941501515
7711,0.626515662037
6044,0.153417660439
3750,0.944528697876
10114,0.201271965888
1332,0.713838359043
425,0.962845150207
3479,0.957778243952
1979,0.757107800256
2994,0.670175101834
207,0.518690084415
5820,0.957408220841
9187,0.466519475904
5423,0.930447013901
2743,0.248192356282
2902,0.926205334327
9126,0.901573794932
7903,0.696675997989
4100,0.652363858939
3578,0.42592520855
6061,0.330570377756
5081,0.192614019375
4575,0.22198093266
6695,0.954447914464
5960,0.146157809391
10186,0.156461477423
6795,0.482932737274
10022,0.275154589796
5841,0.647142703283
7481,0.174761084681
9331,0.312619687139
400,0.913305163299
6907,0.489702502166
10393,0.839636239852
3709,0.916061448124
4726,0.913709826047
3007,0.191380985568
4723,0.259861247781
597,0.191765060177
1810,0.869726050862
4131,0.318404733681
4697,0.869379326923
8838,0.921958513563
5956,0.210398365069
4196,0.796017679801
63,0.783914451791
1714,0.24480551967
904,0.269540170382
9715,0.883091309967
4,0.22114034477
5462,0.584627294301
259,0.157851076158
5418,0.235527574666
6849,0.176295868807
9893,0.236832945162
10003,0.940467003004
4976,0.147958152582
7611,0.95037706771
900,0.189910273248
3746,0.86036054368
3893,0.186836849807
2966,0.150525253786
9667,0.881327450531
9734,0.241330053347
8123,0.351496899723
8470,0.963341637952
4058,0.282861993178
4623,0.934822982062
3782,0.149738662433
7966,0.919114344517
6003,0.606565958327
2168,0.504823867367
422,0.306238918866
6381,0.375535702141
1136,0.721877927219
3443,0.57214972595
2214,0.566875877335
9973,0.939718958992
1593,0.477901267011
5474,0.484175960473
812,0.966434945262
4703,0.17691490055
4294,0.905741736217
10021,0.159637739289
395,0.207114613819
3237,0.597635368241
9099,0.239417412994
2401,0.132450740902
10371,0.207885570987
3420,0.80163778481
3460,0.881111601977
9088,0.447705311495
5995,0.957442972438
3084,0.9399654809
3595,0.324310108467
9524,0.949025850414
167,0.425978753705
9743,0.86682478354
6109,0.40895845319
433,0.161225958602
6292,0.248476167754
8125,0.257986694048
4035,0.40283111541
2929,0.722255964319
8810,0.907882615471
4403,0.213937553206
3925,0.88602731531
1290,0.725500644125
3689,0.949480133055
6709,0.11067662447
8021,0.561746319173
6237,0.8722613168
1453,0.31286794992
7340,0.232838082168
6078,0.582257581084
2369,0.124311801183
1781,0.284779642602
3830,0.94532684993
7625,0.286006486978
8150,0.293535857106
1680,0.43055859147
7077,0.150423999073
3360,0.638200026534
7927,0.918424832254
244,0.220709937514
8107,0.751337444458
820,0.886782409589
5915,0.952922192192
924,0.258462467972
9207,0.767484472083
4077,0.919705422883
6052,0.938973684159
508,0.82719052355
8105,0.227928968532
4405,0.165880352017
7558,0.20543943234
6094,0.88539184942
484,0.935592737114
8927,0.220732039332
310,0.298994976118
8075,0.966026949688
1094,0.207206030471
3211,0.275091686879
1700,0.941587542618
4816,0.499319675021
9354,0.888683899508
8845,0.584606302803
7530,0.884914971647
1520,0.221203461341
1087,0.841845756038
5786,0.603725508761
6847,0.619893475267
999,0.529749397868
5308,0.57133519838
6569,0.833070834525
10200,0.143753727126
5868,0.884900882176
1757,0.265127808825
4625,0.838793214615
2955,0.817627538649
6187,0.914966754162
9931,0.847591464577
4883,0.547067982197
2488,0.779696670021
156,0.910656212863
2820,0.463886505806
1311,0.179158036287
1517,0.396373783327
3640,0.240794648319
5763,0.19641652921
6689,0.525032027076
1193,0.560104758301
8217,0.923545856307
10327,0.684300091287
5042,0.240958742841
6903,0.175698252384
2068,0.901433431548
7614,0.374280623631
8842,0.150132478629
2445,0.342471306106
10276,0.269605686903
4931,0.290922672523
6842,0.522618616922
5927,0.382075645389
6207,0.201761673396
4539,0.256943530329
8721,0.180613565832
3618,0.144721303335
2580,0.140020561762
5321,0.797179797584
3181,0.26041192638
4742,0.3287450555
3340,0.764449133464
8310,0.944774166908
3948,0.827379061118
2126,0.836847591506
10436,0.288191759034
9635,0.929709551147
9022,0.191155332576
8576,0.151739683886
2522,0.12633422269
7341,0.835274638716
7377,0.894095832624
7636,0.263289881733
2536,0.912651041726
2706,0.883212243508
4814,0.267505130262
6032,0.2684258754
2630,0.509433948777
1857,0.326274736653
5412,0.925803854598
1957,0.193133979335
9805,0.244857692406
9256,0.272772642629
1055,0.764391709623
8439,0.502268327326
317,0.443301418998
6126,0.24627915016
9970,0.37769310355
6008,0.243174619981
2811,0.207641158205
10214,0.213997187862
10337,0.129093527345
6563,0.247082944655
5611,0.961492762449
6358,0.346215552866
8446,0.227841398861
974,0.349032586245
4839,0.286971555015
4806,0.667370407405
4597,0.33997830351
4649,0.242952168523
7744,0.930127481943
5826,0.493028031014
6118,0.302202524952
6785,0.248327379427
301,0.897468192571
3192,0.962830316922
9854,0.640959901522
9227,0.956719804449
4768,0.176894743869
2961,0.146343257641
4564,0.169193977713
2484,0.292439073704
1606,0.166447728372
2864,0.117113395334
2884,0.213752560402
2753,0.167374496186
4366,0.524507497641
2470,0.35950560106
6369,0.301143481015
2754,0.299030422636
2501,0.294483153173
8890,0.129586076415
2093,0.91660545418
4937,0.448204598859
2850,0.271073598378
3706,0.0892989009156
6645,0.942738885746
5799,0.72605571796
4229,0.893694807129
4900,0.260785111016
7883,0.269214554319
4629,0.906171060097
6459,0.818763932783
10381,0.958441430974
220,0.904410204044
761,0.439266732327
4264,0.93262326503
6633,0.866272967934
1424,0.899577782762
7017,0.279385203051
6901,0.283984628123
7126,0.206600868075
881,0.61345892721
6382,0.27906225113
7502,0.838114169082
1911,0.839010005545
3076,0.352193964267
9281,0.267476069743
1534,0.800363322665
8378,0.144360135116
4717,0.79906029994
7012,0.975644178133
9028,0.449835020803
5407,0.633532302655
274,0.575176835573
9465,0.692187526879
5164,0.258117460104
937,0.375343677672
5264,0.881751174622
8051,0.288595879669
10304,0.318781628179
2403,0.208291830199
1697,0.950590431895
8142,0.184687740507
3734,0.116676536511
8487,0.191232251192
5123,0.927724200684
8726,0.231217198063
2336,0.965251911373
7376,0.125823655138
2793,0.299618159975
1998,0.220037671112
319,0.876358268729
6783,0.156381938256
6911,0.845926226878
3078,0.895444715368
3310,0.964004884724
4790,0.884391940379
2712,0.48990669631
2968,0.92186415789
7777,0.675082830943
10442,0.337104992346
1654,0.556779363666
10438,0.501367701125
4509,0.235007932549
3963,0.222179221983
5043,0.194839340461
5421,0.960038473011
6465,0.179321572931
8034,0.8855860797
806,0.494256591287
1090,0.290946443784
1566,0.601456995688
10187,0.563871724698
2634,0.957057539595
569,0.839864856957
135,0.251305407349
3732,0.826491092476
6247,0.864021873377
10466,0.298121890793
8429,0.332986826039
6725,0.147693959135
6128,0.303523180226
8496,0.279905344373
2433,0.875933892983
5552,0.929516998021
7122,0.679680607218
376,0.13332990708
796,0.331221598649
6121,0.396754195397
8960,0.547025955845
5686,0.177143844166
2213,0.658897068311
6602,0.827488538097
3357,0.923687956954
1997,0.212264835583
691,0.20472972511
4370,0.699705349576
9660,0.934887787372
7189,0.182052854906
6660,0.134519653161
2074,0.934688287284
5375,0.921865197982
1816,0.0971824492743
9802,0.938589742475
7654,0.958213537164
3784,0.683269352762
9604,0.893573335322
6397,0.704073516675
7125,0.844226757559
1460,0.838244055581
5718,0.392491984724
5452,0.871707146936
7064,0.87455161019
8272,0.948434292685
3620,0.921732764081
2772,0.352364178199
5150,0.302409652577
125,0.282740228634
1005,0.100571507874
616,0.876773241496
9056,0.237468702988
3972,0.159782398202
746,0.178986822094
10286,0.887580896094
723,0.753521280724
1283,0.450530343357
8009,0.85837676222
8509,0.240707696919
8220,0.551375364479
7393,0.919129980608
8499,0.217238220499
3789,0.180685864052
9658,0.497103706133
8171,0.317016436212
1985,0.34554995913
733,0.2415798198
6706,0.280183724094
6282,0.345806625799
7243,0.269414447912
3995,0.886403957978
4375,0.612541496362
1647,0.340421442991
9306,0.930347772519
9272,0.14975208107
9464,0.219505527369
5340,0.194097596127
5475,0.961935961697
4911,0.921006506223
9315,0.559308421292
811,0.224640274112
6395,0.475148597872
3229,0.247979564947
2250,0.594674972099
8433,0.626215389532
10428,0.248115707224
10461,0.284927647955
8408,0.90994407329
3945,0.887028034336
863,0.890388426685
4683,0.583271410987
1162,0.969108451685
9132,0.927915294338
1076,0.134945801591
7236,0.270195207254
3218,0.434221681297
6866,0.109965916409
4997,0.559601369943
9121,0.238632465316
8696,0.105126428542
3313,0.396341190722
1421,0.498135884053
80,0.323495341968
8163,0.320369591496
4583,0.934620283
4053,0.208393667435
8693,0.197965342059
4139,0.259230686068
6976,0.310843046038
3549,0.532500656658
5534,0.212528074384
1638,0.894912323532
6375,0.848559571282
1008,0.707340411566
9120,0.933709470356
8071,0.606926364574
3266,0.970128651519
10482,0.883732513268
5288,0.248515562394
6302,0.414511953384
2183,0.234374725138
9199,0.20893297446
5441,0.18294285041
4418,0.249238723674
7287,0.726823973712
1532,0.871262006714
2978,0.338029617741
1230,0.326557058081
6423,0.870307226814
9643,0.255118627958
5142,0.147252491411
9368,0.873809242123
6132,0.902422858142
9031,0.368503746505
4767,0.883140011564
844,0.126621754835
10296,0.277207945477
9045,0.491838918552
10469,0.213306505127
9223,0.322566244097
9340,0.338106158228
1226,0.268058743877
686,0.609497527182
4037,0.860989707936
7620,0.322566244097
9322,0.840103069627
2943,0.241368275736
6549,0.349591321076
8124,0.264529142786
1803,0.864631050136
8025,0.203380400385
368,0.201720723811
3660,0.352753455595
4943,0.242321338777
9143,0.185057858782
958,0.846699230691
4272,0.177275362181
200,0.268957528793
7314,0.933037422726
7827,0.28171807517
252,0.329309096472
2242,0.858110654799
2804,0.185067492641
8802,0.198874969656
7645,0.904607465064
7228,0.835540190998
9200,0.104999843724
4738,0.924690643677
4513,0.946451080651
7999,0.185841690293
3938,0.252645765474
8127,0.913646873441
9265,0.136037395972
7353,0.934242408602
4772,0.574074174774
4461,0.197693515601
1335,0.234067657082
9018,0.773182013551
10460,0.925532035424
7956,0.16121073501
1238,0.215915443963
2552,0.84188865851
6517,0.588420439796
5925,0.864852689163
7413,0.242790650675
3728,0.180156160294
1103,0.933512617514
3704,0.910120467384
8413,0.681836040767
4533,0.717869326793
5449,0.869706355675
7306,0.302717160833
1401,0.948540514008
7365,0.789559717664
8363,0.186925873072
3656,0.894632267005
5683,0.73109122536
1940,0.316540492007
8674,0.167292879109
6745,0.260680979627
4431,0.972447435519
2263,0.936375041489
7506,0.957069098906
4059,0.938415879372
4588,0.293565280084
8692,0.940548534974
7258,0.876379471427
5448,0.914546701612
8865,0.203703220859
1119,0.336041158487
7642,0.861644409963
9981,0.919356548782
181,0.918448434835
7528,0.552130261697
9086,0.889393784031
4963,0.275354873447
5292,0.175810902818
1254,0.431225605435
2125,0.809859631999
5601,0.921902469102
2758,0.956678451246
1922,0.259222126396
5440,0.381834706795
3001,0.876559745584
4011,0.257932167938
8604,0.586916980708
2779,0.225984892966
1568,0.183170542666
10123,0.49236892738
9053,0.584720790807
8028,0.93178274243
82,0.3323837589
2845,0.923085070195
10221,0.620909079597
8598,0.790891689322
5011,0.946542048877
7401,0.161194891372
8687,0.297561202822
8767,0.946816219149
10046,0.251414993941
1920,0.441243292095
4364,0.913408445201
9395,0.408239763806
3602,0.608470282414
9038,0.32452360118
7786,0.208555641493
5106,0.810845587988
9337,0.169058704393
1575,0.150872910421
10291,0.865657812146
2965,0.856226378469
1478,0.177204757558
3625,0.16314898046
7329,0.942400736736
4116,0.454397807844
9136,0.195587171463
6870,0.986853303348
4073,0.81265783324
7863,0.219098768614
7437,0.224800350938
278,0.957244331289
1977,0.429423479719
8570,0.60473524353
6800,0.180283197042
8964,0.173676498566
7534,0.871899285626
6539,0.890360177045
645,0.535551479711
8223,0.184439667866
610,0.290645307844
1512,0.909519240198
8340,0.906889208705
4524,0.125810428827
7465,0.250752949136
6313,0.172924281836
1873,0.201816849322
1015,0.940275367404
444,0.143071122885
4967,0.806095783716
8988,0.774778404586
3199,0.869101730889
8020,0.857105309159
6103,0.144551664608
362,0.253334296245
7325,0.827514388324
5730,0.269732817287
10448,0.936329009415
1452,0.416479002523
6669,0.534883239196
7892,0.245753307706
7859,0.966511099916
5866,0.868292424169
2970,0.657928196657
9609,0.280560853545
893,0.506899398158
4176,0.515781089479
4280,0.160483725704
3970,0.235784497839
4516,0.0914630144938
7503,0.535492375667
7955,0.831481653834
9852,0.751436216316
8380,0.848836439734
9284,0.964063550599
10386,0.173158674618
4004,0.592277127027
5328,0.305478317009
9274,0.893977876993
4646,0.391038173546
396,0.962571688206
5513,0.301715498787
4117,0.245127832775
3751,0.149078817741
9767,0.398696940305
1071,0.572033413768
7812,0.756900540807
5059,0.159928505407
2667,0.308401765447
9304,0.170847685671
10385,0.215379466737
7930,0.49003756242
5225,0.278684269093
9839,0.228883274318
2831,0.342639278948
2387,0.195039372759
3433,0.61732019596
5101,0.426290477668
6357,0.960463518271
5476,0.31827743171
3807,0.908800145013
10232,0.229546691162
1508,0.484786304059
6993,0.826250701671
5505,0.209172661501
6009,0.338479236782
5301,0.773180683568
6766,0.130007292443
2248,0.554586613868
8572,0.118796614406
852,0.641809937484
7871,0.948058651772
6926,0.778419126543
10220,0.875380343301
9007,0.920583280049
6990,0.931977129456
2012,0.321248940796
5645,0.364902912446
9091,0.874830177939
3797,0.286360521599
7201,0.187508171785
672,0.89495412038
1257,0.930677447584
2010,0.18110407932
8222,0.897562373089
9636,0.490313647728
2746,0.717026293652
2919,0.830045944975
5231,0.172412182564
5625,0.33736505808
10254,0.587454491379
2651,0.420840295333
1740,0.872930942312
3212,0.606675700401
10502,0.154485704967
7139,0.170636857043
7210,0.48235895206
10049,0.751506436751
1621,0.272729557058
2301,0.235251410791
5798,0.919265521519
3812,0.897749690274
6190,0.697390650395
5503,0.184715066795
9972,0.156171537793
5646,0.177034245607
2003,0.916299475575
1069,0.368158921255
9656,0.85392702833
279,0.845667108444
4328,0.721434946491
7105,0.239616035312
1643,0.301635673064
3108,0.251754364159
3106,0.278759824557
1626,0.169447673831
9838,0.215373177888
6994,0.628636382643
3463,0.153938557296
781,0.540207820759
4337,0.276350314143
1639,0.178116090606
416,0.142847763031
7687,0.828385640516
9610,0.166020799036
2519,0.257865313671
10210,0.19661485598
8633,0.933100477223
1276,0.922237090799
4764,0.593170667928
7674,0.244107405658
6550,0.886300937576
3853,0.366631152498
341,0.10853592081
6258,0.212784820354
1884,0.650319529528
2855,0.110364123964
2196,0.335780149519
5326,0.576972766027
6380,0.160026727992
5580,0.163453432461
4563,0.283310304444
10414,0.823211506866
3226,0.805186190076
3175,0.893779474343
9457,0.345397782186
1705,0.138202442084
5910,0.153513464125
375,0.44039380138
10333,0.235713935581
3852,0.431871000208
1971,0.225273904691
8720,0.511482299141
1860,0.590098643875
10349,0.96802044545
4605,0.188558647075
7358,0.857600915368
8258,0.429033693791
5678,0.176458867981
694,0.84591710291
8482,0.243194740223
1924,0.485297245425
3716,0.854465058912
3282,0.244460903476
5746,0.193510812289
1518,0.21805304181
8741,0.131471409779
7630,0.274960427003
8276,0.180526101892
6939,0.465038607907
1435,0.826844374768
8157,0.263573406578
1041,0.291489986521
4478,0.7154695328
8307,0.158463359697
2094,0.960928738655
5916,0.470755635027
9848,0.96275187095
4803,0.372115074431
2147,0.118409352308
295,0.946353615064
861,0.14416231716
3822,0.30745900322
5609,0.941566461523
9450,0.363406803926
4122,0.161060157423
10558,0.267041559178
4285,0.310304258681
6184,0.791146105418
7295,0.29296660491
1926,0.849236023336
5026,0.0750787997076
7952,0.918877846875
4194,0.208249376534
639,0.771174507276
2130,0.235046133778
3119,0.322741937494
3251,0.30684405538
5803,0.18667184334
9553,0.333893255123
5937,0.955077041051
2133,0.152073686037
693,0.189667475736
5944,0.632506572118
2227,0.662804624975
9915,0.167238324387
4044,0.618710370657
6033,0.200242850705
3270,0.895118463627
7050,0.333105037652
6185,0.758348431283
7984,0.5148204195
2109,0.897236178881
2244,0.275576393119
2481,0.159444605209
4332,0.95542378682
6016,0.652508799023
10162,0.512119942343
2453,0.560162179892
6228,0.127743384913
6166,0.226496590026
1411,0.661427750279
254,0.411767840291
7479,0.168161255571
1476,0.168486403024
7801,0.811109736331
4988,0.218889162982
4694,0.201979560933
10194,0.497976872101
2574,0.920391736931
8334,0.201874438453
419,0.348803861042
8643,0.940674550351
2548,0.247013758597
4615,0.925038726687
8772,0.321783241038
10463,0.934508178526
6756,0.701854414226
1503,0.974671618324
4095,0.159019129652
1723,0.888822033972
8829,0.201170578315
10085,0.296023225198
4796,0.234466070373
9756,0.184717519043
2158,0.0864293973607
7273,0.345588024
3056,0.295266022275
656,0.555805707697
3074,0.193671589864
4661,0.757459216492
3958,0.50743767797
4311,0.225464975645
8375,0.956762507079
7442,0.122972878928
3839,0.29347696663
6179,0.193398654966
3786,0.355126802002
8520,0.761355073618
3664,0.160457241994
2014,0.952073291485
8298,0.243059939474
4220,0.264099734102
10127,0.96981129371
6182,0.514812377947
3206,0.841819625115
8503,0.973801795591
5682,0.86377813189
5699,0.193373253765
6215,0.932528254426
1394,0.157837550522
9582,0.51319605786
10070,0.954419868445
4940,0.90260014959
4193,0.201886533421
3400,0.526857817946
4785,0.243653480838
7460,0.915220736256
5838,0.330897493541
2503,0.318774898445
2730,0.842660489871
7156,0.251300828547
5511,0.886772568042
438,0.80202942078
2233,0.908916809244
2016,0.169898751619
139,0.393133170777
384,0.274240028426
2313,0.297049385755
5145,0.96426267584
7864,0.289384709036
1195,0.953450732925
5365,0.169694968898
6977,0.276330388732
10001,0.272489101986
567,0.288507140007
9950,0.855881324642
157,0.09685493713
6553,0.883285392619
7337,0.259719728462
349,0.309903618685
4874,0.3601515135
10313,0.817735842586
8421,0.300746061638
9469,0.222745075876
9314,0.963516110598
3663,0.145876853978
7216,0.163735770294
8871,0.261075887062
5743,0.887456528373
2072,0.783476716318
2654,0.115825495956
5908,0.311083711968
9863,0.190463986749
457,0.259354583167
6965,0.125911727276
3030,0.235807571025
7765,0.180796585889
748,0.120185388992
6304,0.239312624559
9606,0.406954552155
10351,0.120440592719
406,0.937366668185
8120,0.149157586934
8486,0.939007106263
6998,0.954894675911
77,0.929653776354
841,0.290227932583
7709,0.108367079493
7404,0.895414886154
5606,0.551942878917
965,0.784614922223
3163,0.246444511805
10192,0.353334475826
6163,0.178657849573
9865,0.249456063498
9518,0.21365631648
1267,0.232216912029
2051,0.966329951208
2046,0.227139549749
1464,0.956087996807
2153,0.0956596560343
6612,0.53018944123
4971,0.552865424397
866,0.192517086635
4124,0.25058419827
5086,0.729919467792
4351,0.421085826366
8101,0.196332507565
7912,0.519351138731
2504,0.602568209183
2837,0.16039142499
2034,0.615544033292
4844,0.870111294824
7780,0.145468197352
5901,0.13629959023
3296,0.253574835247
7299,0.707446661654
8574,0.501992601058
7472,0.912714443753
2276,0.203571204787
5980,0.237708009841
3184,0.432367159205
4359,0.350566355129
1064,0.775755948085
9039,0.149818281857
6376,0.245617446902
1706,0.483372069909
7970,0.107611640515
3540,0.918522431772
1407,0.192472002803
4561,0.400349367624
6691,0.780644782949
7172,0.194555849391
1923,0.246028356292
4407,0.898355444825
6777,0.243277746174
2600,0.430326909571
1936,0.150641798161
9778,0.137587254157
2766,0.541711569791
6668,0.848820825248
9013,0.487757179232
4319,0.235362885244
3263,0.749608615518
1612,0.859370744743
5132,0.300849161919
216,0.937309550374
7232,0.224258443735
9373,0.166707425886
5030,0.644759278447
10107,0.844339940383
8309,0.811344040335
8449,0.754682832012
6961,0.155132649431
4954,0.291329181826
7344,0.659844946399
8146,0.959752914779
1132,0.730876244065
6145,0.772907504756
1353,0.472878747451
3624,0.894290282254
5058,0.901203654286
9789,0.618448262531
7290,0.277705976234
8583,0.225749633138
1088,0.945280077663
9210,0.654064078065
8240,0.239806137857
3326,0.179978756551
6315,0.775473110967
8410,0.789905103125
4535,0.254061928594
5991,0.369115664476
1874,0.395922024038
1898,0.159510672523
3557,0.930566652873
8587,0.922469604977
4190,0.235001469712
7261,0.761833086079
6854,0.341687494158
9375,0.869086434342
6317,0.921740490938
7713,0.951298098717
7058,0.947250538186
7628,0.354511713559
3513,0.279235459937
7953,0.923034747404
3445,0.168150503201
8461,0.355605185093
2834,0.310283984128
3414,0.519088405625
9262,0.921056326121
9235,0.151460160747
3146,0.259506489006
3379,0.199170227808
1701,0.462435872107
5527,0.221280902158
8031,0.783281694537
4032,0.746519712252
9782,0.805514379764
7656,0.700808428787
2985,0.912733892243
9334,0.695553775958
3343,0.261217424693
4760,0.288675990302
10311,0.782048808979
2609,0.533536409221
5117,0.182381558896
6724,0.947175642488
671,0.935031498307
798,0.220582555018
2341,0.248767115253
4262,0.948198285788
1950,0.863255099188
799,0.940602622982
2575,0.841940121864
660,0.88178892373
6432,0.695996296948
3168,0.917492682372
7435,0.956791692888
4010,0.945056119386
2882,0.837843925678
5930,0.861481156305
7716,0.199453580918
4054,0.328999039313
3148,0.196561271268
670,0.269140209209
3519,0.287326078606
5770,0.139388564584
8876,0.689952014377
8357,0.553656715083
1620,0.824387601043
8558,0.418892329351
6786,0.82380499659
3825,0.168784304776
5857,0.237540783806
7685,0.521075825282
3947,0.258006554894
6449,0.30949034493
8636,0.387799067887
6046,0.670811119297
3205,0.313506086779
9435,0.911963600764
6865,0.191833010993
281,0.955694054019
6922,0.212770475711
3536,0.254539304895
4555,0.234674744435
5364,0.604192290487
2483,0.876891796992
3524,0.871393346627
3117,0.371810979142
1152,0.325016120059
3912,0.221470375405
1297,0.880768334181
2896,0.086331534489
5804,0.826654169296
5722,0.711146454602
189,0.112854200942
2376,0.393222009322
4635,0.349409421191
4801,0.917141262956
5972,0.291978371932
2461,0.210571529748
1168,0.12022153141
5136,0.619293493632
7806,0.568145301539
2559,0.462778183399
2139,0.546952520301
10562,0.344068855572
1497,0.389420399759
4757,0.646970759908
1354,0.313813450376
5896,0.927798379139
6453,0.090947761543
1426,0.25824016786
4271,0.208506304585
7673,0.711705539634
7782,0.236185940534
8181,0.463725290141
1797,0.402165089231
8615,0.946668139865
3097,0.848343993618
5306,0.499430669798
9633,0.276374483004
8700,0.230622542923
9876,0.936915709868
8045,0.342109188052
7750,0.241135323064
6370,0.713402840042
7093,0.347288138316
8018,0.178316786286
1118,0.234563905953
4849,0.876645834002
9627,0.243006742822
829,0.286128672549
4164,0.28158052519
1707,0.951318336682
6752,0.156300244025
6236,0.288763713807
4052,0.150817761208
5283,0.153416604862
2856,0.899708592959
4630,0.577753713299
9563,0.934802111382
6576,0.941512378917
5721,0.211275275936
4305,0.883482627047
8972,0.241960516549
1694,0.869088915853
3582,0.919646852723
3913,0.207009087159
470,0.458102058322
4195,0.316801043495
3422,0.231714878566
9744,0.299546943904
4206,0.226031562312
7971,0.757768259872
141,0.370031402989
1994,0.964264846908
1602,0.71287590053
1031,0.177536746455
9150,0.317837228383
8528,0.215759842587
7545,0.176870293155
7448,0.231132922755
1821,0.291861864932
10075,0.354603169444
5242,0.233241094655
822,0.188534141947
4826,0.237406561477
910,0.270170052764
10147,0.838438568772
2018,0.937053889603
8916,0.204765598111
4880,0.517596383621
184,0.232812521823
6081,0.797806509155
4281,0.224036233267
7418,0.946784305044
6054,0.268658813372
7972,0.849576417281
4894,0.872851941176
5313,0.682501919747
5046,0.259597097404
7183,0.473136432166
5347,0.238231229217
5051,0.750939639352
495,0.563976154236
5985,0.872041337364
1227,0.871122836572
7594,0.756957858903
6178,0.177080076494
9344,0.589478654302
3681,0.89912667759
2805,0.642966428137
8237,0.26128337466
5139,0.683288507633
2347,0.253451599239
1978,0.211407692019
7824,0.521723752227
873,0.886957026292
2569,0.245717184919
4704,0.779128407885
6974,0.628878009422
4454,0.167872589808
35,0.367642090513
8231,0.187212583667
9280,0.280904478251
6567,0.296022975228
2088,0.916878678101
925,0.931811611797
9958,0.26281187678
5234,0.259813719436
7623,0.917909950795
6074,0.324179656056
8115,0.279061038792
10462,0.809000366518
5008,0.289868742768
1256,0.220940229791
5001,0.389455043795
6885,0.203684524232
7509,0.803705133676
6251,0.915591624005
7250,0.584860200616
9502,0.563866271123
267,0.279959903445
4109,0.6418205691
819,0.124467899396
9397,0.576304047532
3707,0.353315893794
870,0.8899315628
10203,0.515703061582
9241,0.59582853522
5215,0.329670162668
982,0.778606389741
3878,0.137847781364
1847,0.233995250972
10457,0.902164523099
7811,0.149230209389
6205,0.187882490061
8311,0.249924043904
7657,0.130074334277
8174,0.518961704026
2119,0.283098466328
7893,0.693743545782
7754,0.689744180743
3684,0.823390217244
3585,0.269005098204
300,0.16437196605
9176,0.878842064413
5879,0.914229639961
1457,0.90542924024
5040,0.44527205383
1862,0.31581000398
9749,0.943817067787
161,0.904436337271
6134,0.830791284254
4995,0.208291830199
54,0.152164446248
5125,0.375892905866
2032,0.206021301286
8210,0.20032393785
3816,0.174091507307
1769,0.795657746976
6156,0.518971190074
8667,0.923770621176
2974,0.32264539617
3417,0.134909356447
2835,0.420558587438
1668,0.896740816808
10028,0.252920413427
5619,0.335201857475
3169,0.683316210479
9153,0.381032052131
8746,0.838302915401
8049,0.709343707281
10564,0.390220654546
8691,0.360097858706
2765,0.885900358036
52,0.417151001872
2663,0.631587776818
3014,0.667409272264
9453,0.946885997112
8078,0.188506252033
2356,0.311845159028
7595,0.830189587274
2195,0.582384884764
7633,0.922139928866
1259,0.184015293281
5214,0.254785348547
531,0.352345344534
2398,0.484253293121
5458,0.933772261951
2794,0.575385588609
153,0.1650528564
256,0.608847110627
8787,0.242881435456
4496,0.817683784518
9649,0.217114110789
461,0.117292169312
502,0.259663228091
529,0.106835462948
5529,0.249743993747
9391,0.970640520449
1032,0.697406343879
9896,0.199849662481
5557,0.727046498822
1836,0.207860543365
3476,0.276562988087
7104,0.124040188789
5480,0.302357836084
1717,0.549261880185
1333,0.941202366101
1806,0.209704956617
8297,0.384769052231
2806,0.124576956843
3407,0.276808033781
10518,0.223297375096
6043,0.359802218164
8857,0.830699112829
8456,0.318498649038
427,0.275216442234
4028,0.610922003633
1988,0.206782765598
7354,0.22410625918
2393,0.359588580841
452,0.537658725256
5445,0.673740565557
7637,0.871480239821
5486,0.647416055362
4175,0.428306649733
6068,0.144281287517
8968,0.35202847937
9384,0.862094296515
7470,0.62396154194
9319,0.924373278987
5817,0.898945731732
10294,0.902985064086
1313,0.260394145034
10181,0.229101976246
5269,0.244271731609
127,0.235520486543
989,0.886085507246
10234,0.421318074195
4799,0.947296250093
3834,0.245004968087
9206,0.162214094486
4753,0.182999001439
4437,0.310450727579
3520,0.84244872586
10124,0.167778503823
1318,0.343624996901
2055,0.572934065142
690,0.956725248987
1294,0.237421447902
6522,0.969960269686
4453,0.192113623024
624,0.16810191842
2863,0.896695080446
4922,0.270083485308
4120,0.284528341459
8164,0.342370409334
2317,0.291846000006
6058,0.202676246308
1428,0.712928218121
3577,0.505504883219
5811,0.843742484022
1430,0.645904102251
4488,0.289988466173
9634,0.96056974778
4482,0.848023606117
4580,0.88015578536
2571,0.138154040658
10499,0.959927051382
3932,0.172361784773
377,0.925917125137
5851,0.166721767582
6384,0.87506804112
6470,0.247747670619
8505,0.270458405044
4268,0.736138472049
10397,0.307534347602
4309,0.137734503285
1949,0.75568474904
2097,0.312757694303
9709,0.395251416224
4936,0.49813889416
4033,0.244288069563
3828,0.440850457065
8862,0.109993948877
374,0.456699484425
401,0.941019952839
10015,0.921845591369
7613,0.298430436102
4397,0.907716856231
2329,0.818366245168
4733,0.928645906633
1552,0.319956642866
2486,0.848773083596
940,0.304809546175
7118,0.882266432868
8060,0.923640227232
1550,0.290236327294
6202,0.162017527148
8980,0.900485970138
8162,0.946767052671
10066,0.161443539578
7981,0.737632350771
7336,0.92761783665
6277,0.540749351596
1670,0.796865760164
6007,0.317737255865
7832,0.772905997434
2612,0.2054384238
8320,0.9627884227
1779,0.957664623726
6107,0.189608102684
2537,0.828169455423
2726,0.868616851322
8717,0.508535167424
2201,0.222038756172
6276,0.244822200293
3293,0.221319293167
7907,0.709022724291
7321,0.193372299965
840,0.32245714357
1081,0.188153246453
8289,0.795871621731
343,0.232976182078
8184,0.25579612372
7166,0.888761437333
8805,0.939801772975
9407,0.164395972696
5573,0.294481690953
9330,0.819648727781
2215,0.827410863857
4105,0.135085465391
7699,0.208293004487
5850,0.295541928576
10228,0.930615085423
638,0.54574327805
5633,0.253178055671
5919,0.285812592882
4573,0.181549394395
7164,0.649217332592
5093,0.847497313399
9815,0.647465976534
8411,0.941413416281
8955,0.954321692543
9556,0.450995399853
7349,0.27836979186
8436,0.935846853995
2631,0.96337215387
2739,0.920321171006
3930,0.295551297139
6833,0.770199287965
9186,0.972812967192
3150,0.167836198818
8328,0.752580119232
4006,0.908808563443
3065,0.273470789178
3305,0.143573402817
2506,0.17505728746
9737,0.942375480812
5178,0.254180316706
9452,0.446115435603
10111,0.734586394714
1652,0.341667950111
10134,0.897932343045
7247,0.251623370965
4363,0.872940324908
1712,0.930632871039
4232,0.259929728514
5626,0.162660111057
3049,0.838677548466
5397,0.204206999533
8637,0.190890221862
8785,0.239163123772
4438,0.964923414763
1410,0.200387485789
6902,0.190692607493
187,0.181803282182
3883,0.591345876829
3988,0.764081697553
5620,0.219892937809
2904,0.293331831828
3926,0.138816918665
9020,0.28069453971
2947,0.478749072306
2364,0.870605766254
5291,0.910412831756
7078,0.190452836657
4477,0.116194261834
4333,0.883042350042
9247,0.400278273124
6957,0.16448197177
7281,0.320304075006
4012,0.65578970574
975,0.9039880457
8037,0.664380169041
10408,0.924357610798
2900,0.513226670856
6457,0.948451239689
9292,0.399920682884
2115,0.317487005261
9001,0.808878394152
8981,0.31812498304
6085,0.345403085198
49,0.300545035218
210,0.152561942726
1607,0.422267768538
5256,0.26494677474
3170,0.944404372785
147,0.736843229389
7627,0.909800119106
83,0.303517766738
3686,0.239184398075
5133,0.719399931039
935,0.115388611524
2875,0.366033457503
7277,0.28184481661
55,0.896774969039
1253,0.455558345911
3406,0.844750024563
2474,0.75177182124
8451,0.133629467974
7301,0.913963393958
8466,0.155564112315
7499,0.801696183259
4926,0.946393024127
9033,0.50717092886
3999,0.219058704024
1017,0.170727630327
947,0.789067978603
7798,0.302836428718
6280,0.183153226142
6393,0.334289396991
8056,0.145100483523
9003,0.209764196128
4481,0.186162592434
5134,0.598051485491
4804,0.387086414766
34,0.27217245223
5659,0.946049512727
4519,0.186720815492
6272,0.908372776031
765,0.372951747859
3752,0.360252768154
1753,0.38931705131
2123,0.155121850348
1802,0.233246974632
7678,0.611646426567
4547,0.297755592026
3793,0.236808697187
7453,0.320247129127
5330,0.348430742835
4093,0.742410832207
2362,0.451545855662
7116,0.257773838454
3135,0.77161442486
10536,0.145348884172
8484,0.199802001288
9002,0.384092812521
10204,0.268312354368
7570,0.246214378718
1275,0.978571262782
3630,0.231544810915
9096,0.291855794357
3475,0.12972489298
4818,0.796087931764
2019,0.255539504948
10402,0.203129191604
643,0.543652018398
9927,0.15749108828
2827,0.121304402907
288,0.42672127667
7886,0.907025345885
6584,0.893536920474
5554,0.928290947397
6329,0.262756891293
1233,0.378244878291
2541,0.252820307938
1150,0.288729633984
8459,0.931665207601
1814,0.152322729205
5564,0.274947161225
4306,0.529684087184
2144,0.209497117849
9792,0.173640113619
4634,0.266400836008
10084,0.218278555713
9847,0.141899163482
8510,0.487628330864
8921,0.581546105699
2509,0.889757848604
2111,0.796837480219
7505,0.60897225658
556,0.319934203729
9596,0.972787934174
1863,0.233736449723
8172,0.26792858824
8404,0.940267874901
3607,0.449072720851
7802,0.414078760853
3503,0.2277855537
5624,0.21527738319
331,0.88531587344
542,0.953117622009
9705,0.17207935171
3592,0.347435758627
5018,0.366787567085
5800,0.92165711483
8651,0.155631959239
7600,0.211220215522
9509,0.0747090900487
5431,0.342668150284
7454,0.230843037891
8106,0.188755281109
3137,0.748476353574
702,0.616839885786
6287,0.603839236615
5657,0.215536288977
8027,0.231843593378
5350,0.177717824532
30,0.678952321228
2677,0.653112238413
3898,0.355358448635
9451,0.946406170129
9949,0.561739354332
8074,0.255887598743
6618,0.756044535896
8351,0.17528130643
7861,0.834851738308
8914,0.521291862396
9820,0.439685307732
9148,0.823390106776
1334,0.212694925283
1684,0.589753268592
6414,0.253245317757
6967,0.360271228739
1726,0.421562959455
9178,0.242318317406
6642,0.177756595385
1024,0.892300520254
6437,0.242345169596
7042,0.860169467449
5319,0.233852148897
4594,0.413721749091
3702,0.91525668344
4882,0.795890899446
4243,0.483017132254
4750,0.173821144843
5735,0.679612715899
1432,0.228853624754
7576,0.916748293222
7455,0.826459619827
5563,0.170306090481
2291,0.943843512363
5386,0.302393239749
8490,0.183049640225
2357,0.196480157603
5473,0.827997219983
7091,0.90147983816
2464,0.145870000587
2801,0.900672979531
6604,0.761831462881
2122,0.695971769458
4320,0.92246310469
1841,0.789756371085
8129,0.285996900615
3149,0.255550250528
10525,0.95958224347
1869,0.296562480232
8664,0.134145554924
1941,0.376775173387
5216,0.575941440658
7993,0.128747857666
7327,0.203242362283
4076,0.186029794103
6544,0.25023841485
3300,0.254383759304
9139,0.712962822097
6761,0.905110175908
2220,0.13308187064
5661,0.243359145647
1676,0.251112168508
1572,0.932962874358
9545,0.227856920993
212,0.805637785739
2498,0.267168205712
5758,0.307040526015
241,0.888962616071
7872,0.417835522741
10546,0.275438895899
9615,0.570609734141
882,0.256831314187
5753,0.268112160906
547,0.264164802233
10275,0.18384290964
7686,0.861519444817
6508,0.913606473231
4296,0.821661993018
6625,0.697676006643
404,0.114136784064
1289,0.318508039636
5239,0.444204754152
10261,0.695103581853
2649,0.182907244566
9886,0.854192334093
5341,0.190722676268
869,0.577724617734
5533,0.818056879942
1560,0.939476754258
9892,0.361848232761
1933,0.229657158199
5885,0.158323902412
7833,0.154541769396
7296,0.149127670664
7373,0.780621120811
8983,0.271427212411
5842,0.362706876588
2194,0.227124808227
132,0.374237658578
2659,0.604993129859
7896,0.318909030206
7887,0.614890978378
5745,0.888821329217
2409,0.853621269489
2253,0.915348409083
1434,0.793083299031
6946,0.124114936574
6510,0.576482957701
6982,0.245342076293
8999,0.309708845314
5170,0.250064834321
10158,0.139108823212
234,0.656929465053
9034,0.827900105317
3801,0.849727845882
3887,0.921994325219
10361,0.647234605905
5385,0.970420047116
6575,0.915663551053
3560,0.224299341032
2112,0.738477988047
4307,0.565029414771
8704,0.876842430087
10476,0.722490964562
4637,0.350018958724
2953,0.957405328634
1320,0.94113235208
3264,0.435198996393
7904,0.935696457018
9144,0.942078994691
4494,0.871031706757
4819,0.782563032403
3781,0.265188320458
3459,0.485748629489
5681,0.313295300943
6507,0.664357210469
3722,0.932803561147
398,0.211816372841
9377,0.630820003521
978,0.827506476629
3104,0.921644645891
2693,0.19917230339
3803,0.838035076878
9533,0.914689026055
1173,0.842922203243
10307,0.718209909811
10326,0.270181049145
5113,0.320884663956
1116,0.654684204792
10452,0.91141403296
8013,0.202295638896
6491,0.125241821796
9906,0.938514852743
7531,0.929895143048
102,0.279424456985
5233,0.872561358172
1661,0.920247897798
8280,0.290203607441
1000,0.809372730096
3743,0.812609925838
1501,0.918224497768
3809,0.502990298778
8647,0.93589762586
1959,0.184737557041
1690,0.251534137702
5498,0.811251734912
837,0.194446394154
8788,0.957469834475
4114,0.92308186933
1413,0.687627780649
6836,0.870990242092
4240,0.354839494403
1908,0.908473756849
5750,0.168249029959
10087,0.270759970747
2680,0.65683703691
4323,0.692984090015
4439,0.896524546787
8517,0.256500048257
933,0.833083422316
33,0.923225301495
4295,0.186750198016
3258,0.602327936294
7497,0.24690540496
9276,0.340483787667
9811,0.458687126669
3833,0.655207606995
7682,0.18118175328
1748,0.20381671592
3693,0.241274691571
3608,0.744369433799
10230,0.118764072791
5468,0.195726912308
10464,0.962684467229
6932,0.33254014036
3616,0.511655000065
9603,0.893502026235
10394,0.701097568828
5509,0.891944326443
3731,0.848526777583
5827,0.180371275504
10527,0.870629593003
7004,0.918265686894
3210,0.734049831999
59,0.911630176689
2660,0.889605842459
1909,0.348909835762
8569,0.95246619039
2862,0.215563111506
5966,0.36254994368
2639,0.182441454589
6838,0.897404809582
9527,0.240642908744
5345,0.899800539236
7702,0.670246728429
3242,0.294815191163
6516,0.259788826359
10412,0.242064730163
8213,0.155741930147
2598,0.911641073337
6193,0.220458407983
9593,0.820931317657
6646,0.961706653105
5388,0.354017496444
6413,0.761580794213
1540,0.272877422687
8660,0.183231896311
2999,0.334524313895
3194,0.244591104195
9437,0.911426983616
9473,0.407200628086
877,0.237540783806
9640,0.370719527524
4434,0.37417443649
8385,0.633805694404
2542,0.180948843297
3281,0.376761032073
7820,0.37952416331
1418,0.922686846068
6079,0.663760637733
3685,0.22907306443
9361,0.155075236983
3364,0.75802707057
7495,0.595450784712
8226,0.721311707059
8043,0.465918034371
9924,0.128750561876
6018,0.271051271133
3,0.731300460096
4592,0.293573178222
10125,0.559671112303
8900,0.322009629495
7028,0.954903045242
3419,0.492392396744
5514,0.465270856621
2770,0.339282021962
5007,0.838835317569
1931,0.197208382693
9768,0.424718694032
3337,0.244060782703
703,0.247763417367
6685,0.223355829814
6064,0.248566319144
1881,0.289813344785
4842,0.514730527455
8432,0.305045548699
3569,0.324971970437
9797,0.320481703591
2829,0.177701444804
3739,0.345077336512
2128,0.64755633624
2372,0.482445045073
3354,0.196196072767
3321,0.83905364951
8532,0.940789461249
1800,0.59157976209
2560,0.222853460458
3936,0.882496548198
2588,0.453436421519
4890,0.918441337292
8912,0.907089610189
6192,0.179681849574
8658,0.140547320945
5272,0.491729023142
10404,0.837335659038
2299,0.31974967594
9419,0.199914601988
3018,0.395264799666
8642,0.823645506329
6594,0.196683403716
8852,0.235743657273
9212,0.169295094648
7081,0.895402589193
8469,0.238974912073
1372,0.362316737393
2514,0.240792208925
2311,0.19809976068
5548,0.253297953715
9024,0.476350449617
10324,0.159538484603
7735,0.111835519374
1488,0.943301423498
9130,0.904979976823
2307,0.934112041672
2374,0.18591084996
10519,0.872436273148
10264,0.781111701907
9908,0.28102489813
1073,0.420137155728
118,0.887194202257
8884,0.236569530811
242,0.138452616908
6300,0.450312814469
5422,0.565249634394
899,0.556574951953
773,0.269567137148
70,0.955663678023
9249,0.23823301643
8847,0.345094469356
432,0.131555554318
468,0.930897457948
7830,0.66749453099
4642,0.448192417436
1782,0.934202460976
8683,0.465203519524
8551,0.269531040276
5224,0.251595949367
922,0.510837217544
757,0.919123294687
1101,0.168747252398
6804,0.243797196621
9266,0.946081427568
6487,0.127036080575
5627,0.207091015329
4972,0.770667041016
3596,0.913023109654
1420,0.574867749948
10209,0.317122065348
8629,0.733456061456
3147,0.957420060651
9821,0.957882776382
10377,0.32559601013
456,0.201793020648
9887,0.4247702623
8864,0.531426386316
5665,0.148009483243
1764,0.126755914052
9198,0.910474507358
7536,0.56132451131
991,0.78313162788
1537,0.515719669346
3450,0.950468645367
5663,0.785683474227
4221,0.36966424909
3350,0.304603037373
943,0.204358271531
3203,0.538324760951
1144,0.307319463926
2334,0.869936551455
7074,0.894573846877
10071,0.595196088205
7540,0.873844185849
4143,0.289158864679
6643,0.272380409662
1067,0.10930770411
6356,0.890393332221
8133,0.233723557182
108,0.206580962277
308,0.251593481717
7432,0.344739230537
2652,0.810466806081
4740,0.961842205505
7048,0.183542426066
490,0.214596141325
6808,0.365653507948
7990,0.305369692397
4460,0.121519353962
6803,0.889950257456
2414,0.273330242231
8085,0.275665188256
2031,0.893637641705
8476,0.875379637487
9840,0.962739868
2853,0.242207092905
8114,0.668139891105
6245,0.906339219771
8918,0.231514229234
2621,0.406879989413
5344,0.762967575201
3775,0.102099504819
631,0.292174458823
10481,0.206378230836
8188,0.858672910071
9830,0.821579506073
5426,0.47036089602
6688,0.551020126821
4132,0.904783407552
588,0.731535306816
5600,0.309708421593
4743,0.36427236235
8711,0.218085507717
6039,0.273213168307
4576,0.786869590673
6941,0.157260905835
10202,0.484765014884
6632,0.792288135824
1079,0.405491968159
9642,0.489091410285
5401,0.576968329299
600,0.209820797343
4873,0.343037112261
5558,0.226799940389
483,0.179706250496
10378,0.883929005277
9004,0.144955095953
2809,0.89687263695
9542,0.903303891742
3215,0.199202839377
6924,0.179689345743
7213,0.832981265962
3105,0.941482861839
9771,0.910265903632
632,0.772990732692
3232,0.775597696754
1543,0.275464059404
2164,0.845297696973
4559,0.183711892143
9530,0.287395150228
2033,0.518745197681
2842,0.208889859529
4186,0.180511677023
4078,0.264371430092
8093,0.828417782922
7286,0.712789845518
7044,0.782348297384
9234,0.535961679672
8536,0.232475565062
307,0.855432093536
4382,0.916940016837
1350,0.16229683555
4632,0.692504881729
5639,0.33124860001
6445,0.275604495646
10511,0.0802569267629
8601,0.15786191249
137,0.482489461654
2298,0.929445499202
8978,0.125130069885
7218,0.204358672663
856,0.380032129673
736,0.265039218918
7719,0.134700212503
3177,0.640497862775
2564,0.909797964863
3123,0.857070608172
4827,0.510718822452
6386,0.187278588226
708,0.948686113287
1414,0.860025483321
7190,0.628741317836
10298,0.42643500463
838,0.709325694535
10145,0.939727275947
3071,0.725583804006
5329,0.147065324901
462,0.524948416881
9809,0.158192462669
7279,0.947946671288
2707,0.203246546973
3671,0.844601986721
516,0.960467420328
10395,0.214197184531
8167,0.38916970651
2138,0.505641839757
5192,0.155246795635
1377,0.161473091769
1390,0.19184424537
1244,0.242932274792
8424,0.234212675564
205,0.153583809835
9592,0.577872089378
116,0.486678703238
8306,0.280684004494
7649,0.960010949062
9560,0.77615843124
2102,0.208578650999
10490,0.561778989632
97,0.244463127982
7618,0.406954290882
9413,0.184749079363
6148,0.713178552003
7147,0.927160949066
2430,0.952990012423
7539,0.905637867118
7475,0.697345574722
7796,0.936340253056
1582,0.579282104018
8454,0.175882040936
3164,0.238330285532
2375,0.897842233781
980,0.272138598678
10233,0.132171116213
2271,0.580671601517
7843,0.223886964232
6165,0.747599719629
3449,0.787883828679
8757,0.697318312114
9757,0.940624566922
6925,0.564472617894
6191,0.343670236932
6985,0.19563379701
9064,0.198406991116
2691,0.972616720614
657,0.280296863239
858,0.21940464257
6677,0.921325137814
642,0.484451965722
2627,0.211661616697
1569,0.916586172882
3674,0.157991951424
10095,0.411323868271
7423,0.196100543121
4993,0.204300723196
4983,0.180351620802
7070,0.913692144288
700,0.917696074807
2447,0.283451517789
2380,0.922749883146
8418,0.596898823338
1288,0.165507380727
9400,0.0822047631901
8530,0.206223593843
784,0.161107291209
2969,0.221784053604
892,0.921579956971
5679,0.212869898364
4650,0.336263919402
994,0.931318851545
9751,0.812799449463
9462,0.117162881389
4958,0.899901528924
506,0.663421618858
4631,0.182254585305
4321,0.188612327132
5617,0.483696861188
7571,0.914963954521
6873,0.294332417473
7964,0.173609710388
4567,0.428875062094
7429,0.908390013947
3615,0.19172689617
8744,0.129535420258
1142,0.214270255547
6189,0.25308591066
3411,0.457916209473
9133,0.282267672698
5806,0.293482234598
2385,0.251726172235
801,0.756816979672
4672,0.209857996348
6530,0.645008034269
260,0.188261683707
6624,0.651625639656
2001,0.760284917156
8403,0.964737290173
4935,0.274257856966
7264,0.752250414264
9714,0.791300332198
5903,0.742437001935
3176,0.694408710461
7441,0.902272991304
